,user,age,dominant_hand,shape,hand_used,acc_x-std,acc_y-std,acc_z-std,g-force_x-std,g-force_y-std,g-force_z-std,acc_x-peaks,acc_y-peaks,acc_z-peaks,g-force_x-peaks,g-force_y-peaks,g-force_z-peaks
0,user1,22,R,V,L,0.028293699937828824,0.0478536758573375,0.023848808231734842,0.29552089397967923,0.511106046669355,0.21933037323855603,6,2,6,6,3,0
1,user1,22,R,S,L,0.04505821628509677,0.02388587772855352,0.026648560017269753,0.5757741748720115,0.3134304391938764,0.2583531762334902,5,3,8,9,6,0
2,user1,22,R,S,L,0.06392771842998587,0.03544517928065577,0.046920171365864786,0.842967912824386,0.4522946363802278,0.44813984072753,1,3,8,3,1,0
3,user1,22,R,O,L,0.030517223161400764,0.031847904589453004,0.023712438125655676,0.44433196440092715,0.3599608795613552,0.22503796526120867,8,5,16,9,5,0
4,user1,22,R,O,L,0.04193873030790888,0.038633681709701065,0.0279179087155867,0.5201923509507691,0.4005908888566297,0.2687253128692366,6,4,9,7,7,0
5,user1,22,R,V,L,0.03062327137060191,0.04081282261632057,0.026184880123440932,0.2933526755289573,0.5088031324447908,0.24087665523464932,5,3,7,7,5,0
6,user1,22,R,O,L,0.04945537250239057,0.03514659177168202,0.03532123515882775,0.6374959408984214,0.567374305661651,0.3350685619040834,6,4,9,4,8,0
7,user2,56,R,V,L,0.0844061256619067,0.05970509590768032,0.0482850428696924,0.4295239679923901,0.9062195257506654,0.49643104280090944,9,2,5,4,7,0
8,user2,56,R,S,L,0.07819235445060192,0.055266028052666,0.05544239572907737,1.0727060475311974,0.5527720203954544,0.5309064037708504,8,6,7,2,4,0
9,user2,56,R,S,L,0.07913501929672168,0.04009801498962988,0.04633570061968324,0.9467040946057804,0.44126291826034314,0.46659343787251045,7,6,11,6,6,0
10,user2,56,R,O,L,0.05094078796151525,0.03701157245864405,0.04164700236435784,0.5963682782138076,0.45080480441839643,0.3801717084648446,9,10,9,13,12,0
11,user2,56,R,O,L,0.05073241611779927,0.04168055332279197,0.03822156252688582,0.6082173314023811,0.49220804270306834,0.3474377865195021,10,10,10,9,10,0
12,user2,56,R,V,L,0.03970215036353317,0.05159079944311864,0.049088359616292335,0.4038822081466582,0.7301937963473422,0.4623295037742803,5,3,7,14,5,0
13,user2,56,R,O,L,0.04600077900522368,0.048767913525602044,0.04048106151536829,0.5467763823216067,0.4673822467208889,0.3779728275144243,12,10,18,22,15,0
14,user2,56,R,V,L,0.04901499909225943,0.06965212480639293,0.05013949789302952,0.44899837516723695,0.9425494561724429,0.4875166400997381,6,3,8,10,7,0
15,user2,56,R,V,L,0.056312135502801786,0.074861049810806,0.05374884521790777,0.5262546909685183,0.9668266598228034,0.5502820825331559,8,4,7,14,3,0
16,user2,56,R,S,L,0.07445763886124916,0.03922353393312187,0.045924991084218256,0.9638065327471229,0.474663777238373,0.43864063816988286,3,7,8,4,10,0
17,user2,56,R,V,L,0.05916247254273261,0.06859164374905151,0.06227539099409516,0.4854494662492597,0.9063714220362279,0.6247307342159261,11,2,7,12,7,0
18,user2,56,R,O,L,0.07321301191990777,0.04088497698080281,0.04943550155248078,0.797081603996665,0.5356266493172789,0.46992375443983153,5,4,14,9,8,0
19,user2,56,R,S,L,0.08909358132811733,0.04334845626411375,0.044749292957994145,1.033688748821821,0.5150144248755316,0.4395681919098002,3,6,9,3,4,0
20,user2,56,R,O,L,0.045861584349643346,0.05589829063792391,0.04244640377355199,0.49255890254571644,0.43990499628416624,0.39061228172247847,9,8,23,7,7,0
21,user2,56,R,V,L,0.04210812631215068,0.06036087772111577,0.045820678880724615,0.4263902760409194,0.804013094060967,0.44211290522653696,12,3,10,8,4,0
22,user2,56,R,S,L,0.081602554144499,0.04941627313304075,0.05177194303805912,0.9493573485422981,0.4970165571112142,0.5136940416518397,9,4,12,6,3,0
23,user2,56,R,S,L,0.08090916893412951,0.055121542345935096,0.04195124826708719,1.0276245093205245,0.4676835051756997,0.3939787496999227,7,5,8,5,8,0
24,user2,56,R,S,L,0.06378261999807759,0.04263725509902541,0.04457999013422627,0.7993432288879851,0.4258416845875476,0.4305314695719302,3,8,12,8,7,0
25,user2,56,R,V,L,0.04975851893009463,0.0724612520196419,0.046771672843727095,0.5018326097166659,1.0124990515602605,0.48390797842473476,12,4,7,7,3,0
26,user2,56,R,O,L,0.04197982501610343,0.03411046237897955,0.03736850210105936,0.49349673700609376,0.4127485077386483,0.3409817953938702,8,11,14,19,8,0
27,user2,56,R,O,L,0.0635244561029839,0.037493125008883174,0.03140682821848513,0.6433646441199269,0.4832457589191952,0.2862372602414408,5,9,15,13,0,0
28,user2,56,R,O,L,0.04084073180267538,0.03822203904186107,0.03584099282270325,0.558445814804733,0.4266659399096146,0.3216961172742449,12,9,17,19,10,0
29,user2,56,R,S,L,0.09134328623966008,0.03804210714697567,0.045783872352524145,1.0362674349605512,0.4433642232722781,0.4404759948071343,7,4,6,6,14,0
30,user2,56,R,V,L,0.047544017883256975,0.06254480443304515,0.053142588421144096,0.44499840199691226,0.8742567368258659,0.5178875272196974,6,3,6,13,8,0
31,user2,56,R,S,L,0.07515334600098438,0.05322149594489293,0.04887958171521364,1.0171943494787317,0.48442220968549093,0.49112940661983917,5,8,11,9,5,0
32,user2,56,R,V,L,0.04656560580002262,0.08148674273008503,0.0408452416737093,0.38811213403301975,0.9525529629921509,0.38863355276575123,9,2,10,9,2,0
33,user2,56,R,O,L,0.05701136529478672,0.031185397598811514,0.04773607123906794,0.6387190333970145,0.4529141060109383,0.4390527814381027,10,7,18,11,5,0
34,user2,56,R,S,L,0.08700907069024562,0.05106950791598568,0.045767674100796366,0.9667300119971429,0.502258152827982,0.4213701134063538,4,6,12,4,11,0
35,user2,56,R,O,L,0.04195051593594441,0.026488466390144752,0.04404558135250864,0.48780948262128676,0.38755745813131537,0.4263697964591655,12,8,15,19,20,0
36,user2,56,R,V,L,0.05929853863316305,0.05886050849675645,0.04786829635654483,0.5668060442708429,0.8361621111039628,0.4577687701948444,2,2,7,7,5,0
37,user2,56,R,V,R,0.07906461189667928,0.0806627707994042,0.05673259099412091,0.6460582206181056,0.9710927643725149,0.5658360753116677,3,1,5,1,5,0
38,user2,56,R,S,R,0.11037785368625219,0.06852974852886204,0.03840788932356355,1.1868027583444924,0.533567120049382,0.3346664717427483,8,2,10,6,3,0
39,user2,56,R,S,R,0.1312245011429015,0.07058950837681416,0.04154044299646679,1.3816218151855986,0.5061742137286164,0.40426303541242065,5,6,12,8,10,0
40,user2,56,R,O,R,0.06792945284250487,0.054149485559075394,0.042419640710791316,0.764691235679253,0.6756102071304818,0.39854692760155375,5,3,4,11,9,0
41,user2,56,R,O,R,0.06712422565246397,0.03561346164209037,0.04614831029711084,0.5722966818637912,0.5169056157881148,0.4248232286710363,8,7,8,4,10,0
42,user2,56,R,V,R,0.0779709099066678,0.08234282331634522,0.06784436807643378,0.7952588273950673,0.9754564239936099,0.6751067219289603,3,1,3,3,2,0
43,user2,56,R,O,R,0.06913080960502692,0.05516661285046018,0.039315976159773856,0.8439622853578505,0.7156357308317467,0.3827781406887602,7,9,10,7,10,0
44,user2,56,R,V,R,0.07505287991996827,0.06136336039204767,0.04340120108662537,0.5726901738884851,0.7446807760697455,0.40662122500537057,3,1,5,8,9,0
45,user2,56,R,V,R,0.07273463474617631,0.08077545150739944,0.03864709306879005,0.54996303222298,0.8223383243473855,0.3654300921865302,4,1,8,6,2,0
46,user2,56,R,S,R,0.11682992111305156,0.07943410793465912,0.04826806329499692,1.3168165102601346,0.6368686098665267,0.44833424315957116,4,5,6,6,4,0
47,user2,56,R,V,R,0.07194248590658499,0.07936045658944027,0.05245759755749118,0.6751517070114065,0.9329676309668492,0.4956870080928663,4,2,4,2,6,0
48,user2,56,R,O,R,0.07634613291275845,0.0527743737444938,0.0329222283385296,0.6905130046714928,0.5808169883027788,0.30430991099893817,8,3,11,7,16,0
49,user2,56,R,S,R,0.11920891744209122,0.06496696522371001,0.03621657632936547,1.2180584039941371,0.5305983750617123,0.3453421702623444,4,3,12,1,4,0
50,user2,56,R,O,R,0.06917785207845784,0.05635935754430241,0.03465634059632156,0.7715814878196403,0.7443610288265384,0.33808655133649157,5,5,11,9,7,0
51,user2,56,R,V,R,0.07097778863696073,0.07382415674707049,0.043845426642890685,0.5566728113295217,0.8132981847101621,0.4193901957034052,7,1,7,0,3,0
52,user2,56,R,S,R,0.12025929980602612,0.06191033658278077,0.04057948217998638,1.3605532499549564,0.5317566986119056,0.39350142489118417,8,8,12,6,12,0
53,user2,56,R,S,R,0.10629809530893708,0.06662501761397503,0.03903056896290606,1.3429368420988748,0.5224011695958971,0.3728743461190072,5,4,4,6,8,0
54,user2,56,R,S,R,0.10705188767995852,0.07074275377960211,0.03897517827907647,1.2550049045478608,0.5789366558069627,0.3955145521673493,2,3,5,2,4,0
55,user2,56,R,V,R,0.06898777826471025,0.09603625138255986,0.05727974357654114,0.6922337753723804,1.064570490565953,0.5630206560336289,2,0,5,0,1,0
56,user2,56,R,O,R,0.058489631821976924,0.05398665013821969,0.041543949483555984,0.6613779892963485,0.5412050471013848,0.39287964430131267,5,6,10,10,10,0
57,user2,56,R,O,R,0.05159934350016672,0.04922774901767068,0.03388995939193671,0.622760737385082,0.5377392093634357,0.32835955410529877,5,5,13,17,7,0
58,user2,56,R,O,R,0.07010521011221597,0.05347865752253982,0.03551670992286718,0.6871086837906409,0.6586038652700217,0.329073539378445,6,2,8,13,6,0
59,user2,56,R,S,R,0.13107517532896293,0.0747714587627652,0.04471870457491761,1.4769269569350436,0.6680415871517684,0.42011265554004634,3,4,5,5,4,0
60,user2,56,R,S,R,0.09871335602889056,0.07065521512545599,0.04650804605043267,1.1023645615827316,0.5424660112959674,0.43998299819416514,7,8,11,8,6,0
61,user2,56,R,V,R,0.06440564837674129,0.07006512426140521,0.05266808987880498,0.5981955455229216,0.8217507016031522,0.507983288534235,2,2,4,2,6,0
62,user2,56,R,O,R,0.06436891819811129,0.06724364145420884,0.03952494304105532,0.7451916589286866,0.755781287924173,0.3959658916365303,7,4,4,11,9,0
63,user2,56,R,S,R,0.13409680576945637,0.07126480055195185,0.04378404321320629,1.5049092529397963,0.5853403307609739,0.4213129926892154,2,3,7,5,3,0
64,user2,56,R,O,R,0.05480859669322527,0.04265771276854608,0.036432789570760946,0.6140162901343864,0.5288061351564215,0.3231283007974333,6,6,11,14,8,0
65,user2,56,R,V,R,0.08315759290195078,0.06721852046201933,0.05129092557468606,0.6459339368458159,0.754310335288363,0.47695877462288594,3,2,10,2,9,0
66,user3,23,R,O,L,1.032022313977153,0.4092226400867296,0.9497363631179895,0.1014590145673329,0.12087682648976693,0.09213433209761156,7,6,6,2,4,0
67,user3,23,R,V,L,1.1788595810000924,0.41134835292772404,1.1494903068104978,0.13600363604862387,0.101844042329369,0.11209455232356584,6,13,7,1,4,0
68,user3,23,R,V,L,0.5291739734311672,0.2983480625738801,1.2137733702323115,0.05593786864804889,0.06986260951068284,0.12328057582293539,8,9,4,9,5,0
69,user3,23,R,S,L,1.2985355290236258,0.369241828034094,0.7032962592866853,0.13785372386176892,0.065696811114962,0.07428620336494623,7,11,8,5,14,0
70,user3,23,R,O,L,1.1245398203729604,0.37415493621380036,0.9491838610576063,0.11783432082004316,0.12290527726264668,0.0940326941536537,3,12,7,2,3,0
71,user3,23,R,S,L,0.8885216533145107,0.32210965570253663,0.5634521927714383,0.0901292303738179,0.061014687144793946,0.058875373485721305,10,15,15,15,17,0
72,user3,23,R,V,L,1.392290906841659,0.3581662810219366,0.8888173280085412,0.1276606635782731,0.05944827240632895,0.09154571345845558,7,13,11,3,16,0
73,user3,23,R,S,L,1.2972113257030893,0.35200411372364643,0.6893479065661244,0.11842555995622339,0.06070086423754207,0.07620745881386636,7,13,12,7,10,0
74,user3,23,R,S,L,1.0701106886548202,0.3043477497757051,0.7454063678694196,0.11319935781987343,0.05577380986113941,0.07922556873427379,5,13,9,6,13,0
75,user3,23,R,S,L,1.2645485151635465,0.3716056817019809,0.7184677545186124,0.11295484995405873,0.06447812516949102,0.0754822453641532,4,8,12,11,6,0
76,user3,23,R,O,L,1.019581246968074,0.2909691879862165,0.8563820100900156,0.1026969699183765,0.11745883781131289,0.08375082084218216,6,13,9,4,9,0
77,user3,23,R,V,L,1.2647587448760644,0.8910281427219012,2.484907242898746,0.12144426972821344,0.13431877229811998,0.25414121147502666,6,3,5,7,3,0
78,user3,23,R,S,L,1.279289586358004,0.41943666587935735,0.7331522802037044,0.11103376343086648,0.07664781303476469,0.0754947864430901,0,9,14,7,16,0
79,user3,23,R,V,L,0.6674107771410528,0.3605508228269889,1.137605657048549,0.07418785870627682,0.08758836832741605,0.12052396611277538,6,12,3,8,6,0
80,user3,23,R,V,L,1.0625319133033821,0.8056505499829986,2.2594028612872528,0.10727756227770044,0.10092228308518952,0.23150202029407152,7,6,4,8,5,0
81,user3,23,R,S,L,1.3575280514295698,0.3781518735958457,0.6963565754903573,0.10853927525847425,0.06367528401644558,0.07264889944142244,4,10,9,6,8,0
82,user3,23,R,O,L,0.784331171414311,0.3010025223456736,0.7627958214666284,0.0815357911939945,0.0783911569912406,0.07590045647955056,8,17,16,11,16,0
83,user3,23,R,V,L,0.6177874059877445,0.41381896565378484,1.3016118723881405,0.06868017139481837,0.08145755817012235,0.13620780120710524,5,9,2,7,2,0
84,user3,23,R,S,L,1.6779371646695993,0.5247464859514984,0.8500635625190743,0.15092906825708377,0.08910853679084615,0.09021273397865835,6,11,5,8,3,0
85,user3,23,R,S,L,1.3805966513712657,0.37987387161870617,0.7668361396909383,0.12715312480441213,0.07344057487545771,0.07763497715825525,8,10,10,3,8,0
86,user3,23,R,V,L,0.7741440550438549,0.4299429457872999,2.0239389582603877,0.053250968807556046,0.09588367859431371,0.20154433305309533,9,2,1,8,7,0
87,user3,23,R,S,L,1.2114492436918194,0.30148234850891514,0.6451698020842319,0.10857601812898919,0.051607199304602294,0.07085940341195775,5,13,12,6,12,0
88,user3,23,R,O,L,0.979320450467532,0.34497305112081705,0.9774788886197495,0.09292298944874106,0.08585438836672458,0.09807529703670159,6,11,12,9,7,0
89,user3,23,R,V,L,0.5278599774050018,0.38397164952208657,1.1249122650663446,0.05407990162526893,0.08840273494017212,0.11916717694181847,8,10,7,6,4,0
90,user3,23,R,O,L,1.0019478937651618,0.40058617725436324,0.8918453109356413,0.11121973055087585,0.09458883101770289,0.08999920191988887,6,11,4,4,6,0
91,user3,23,R,V,L,0.7922222768543705,1.010757508727954,1.775315459507332,0.07820656083651568,0.16295218197586273,0.199906416317932,7,1,3,8,4,0
92,user3,23,R,S,L,1.4508626029444007,0.3687475841801053,0.9907793245687421,0.12156079809404946,0.09271144219490536,0.10172733529523251,3,17,12,6,8,0
93,user3,23,R,V,L,0.6493354567968682,0.41591937204499135,1.1584627662979348,0.05844849012807385,0.056892133965539236,0.1170061226707391,9,11,8,13,7,0
94,user3,23,R,O,L,1.1641625583160866,0.39372169680697766,1.1611594786041846,0.10283671458281407,0.061312326228224245,0.11694084610995217,7,12,6,4,12,0
95,user3,23,R,S,L,1.7054296404440088,0.4540860760612082,0.955678713415505,0.15362817243511337,0.09420470623315559,0.09944759730104859,3,8,8,7,4,0
96,user3,23,R,V,L,0.6300610190872478,0.44744012848356296,1.247960086970878,0.07296277084396129,0.05218474849343418,0.12685028581322197,10,10,5,15,11,0
97,user3,23,R,V,L,0.8292774491543319,0.5638259405716453,1.1867160836587747,0.0821810942792231,0.06418867459416511,0.12102481193216487,5,9,8,7,8,0
98,user3,23,R,S,L,0.708530421465566,0.24980529267548054,0.5601294412671598,0.06729556993447831,0.061440458809161595,0.05828557573819084,12,18,14,8,18,0
99,user3,23,R,V,L,0.5577805643416955,0.33203561611881083,1.122781676881921,0.05608128025116967,0.06533568411273312,0.11428503524165944,8,14,9,10,5,0
100,user3,23,R,V,L,1.1307850554312184,0.3117182937089316,0.9452438270423343,0.11420357821285787,0.12732252192455115,0.09062379036370215,5,10,7,0,2,0
101,user3,23,R,V,L,0.6805637343076052,0.4091699266798866,1.3304882147656296,0.06641334013947801,0.06605489257709452,0.13737724858556558,12,8,5,9,12,0
102,user3,23,R,O,L,0.7789740724154995,0.2622704529438378,0.6931560178804068,0.09025386188654162,0.08081489894088506,0.06787534865287136,8,16,8,4,10,0
103,user3,23,R,O,L,1.2442884951929278,0.33241304734605354,0.9600051783764515,0.1193365519301381,0.11050154261261956,0.0935162690134528,3,11,7,0,4,0
104,user3,23,R,O,L,1.1376191566046923,0.3455996622949557,0.8213328896568771,0.12539022793013072,0.11155396053385015,0.07896844544344242,4,12,9,4,3,0
105,user3,23,R,O,L,1.0745448289798287,0.40971045198925393,1.1208111517606953,0.09747176136372712,0.09943434392717078,0.11161893229126078,7,15,10,10,12,0
106,user3,23,R,S,L,0.8853413572779145,0.32290655043158084,0.6161639259307916,0.09237528478326289,0.07524882512057648,0.06447054079952569,12,13,10,11,11,0
107,user3,23,R,O,L,1.4084476630167242,0.44528381218699903,1.2424377243265001,0.11394843931515705,0.08347014732712926,0.12610983355157956,7,10,9,11,10,0
108,user3,23,R,O,L,1.5137335296169236,0.3638650393684418,1.2104188579060788,0.13483865785799057,0.10056284526309042,0.1204191377831784,3,11,4,1,5,0
109,user3,23,R,V,L,0.5181547242473272,0.3970777543808971,1.3675200522002717,0.07780041088601544,0.10581866959058747,0.14330119845177333,10,6,3,3,9,0
110,user3,23,R,V,L,0.586280216420021,0.4072942634404104,1.2962051438680129,0.06264620645612733,0.10377453742437764,0.12966614506833216,7,5,6,7,4,0
111,user3,23,R,V,L,1.4783997714217967,0.45003005876411994,1.1760520644653625,0.15904487397171221,0.1371408426766642,0.11515183708431384,2,7,7,1,2,0
112,user3,23,R,V,L,0.6743412142661916,0.45812907695463123,1.3010890512742115,0.06222020319152819,0.08183978668999893,0.13425020763609427,11,8,7,10,5,0
113,user3,23,R,O,L,1.2394759784012193,0.37533414739797805,1.0513211318845639,0.11340757773314399,0.1222391952053909,0.10349520414074669,5,5,4,1,3,0
114,user3,23,R,S,L,1.1639430062961666,0.33821589885477515,0.6747065725670546,0.10302713294595141,0.058398309025551105,0.06895648872284614,7,20,10,11,15,0
115,user3,23,R,S,L,1.0163606668224632,0.39038342948960736,0.6067046752962995,0.08818234956196876,0.07052921400968376,0.06274804544215452,6,12,8,7,8,0
116,user3,23,R,S,L,1.1863921574704246,0.2505729510008297,0.5767315542904564,0.09432472509024069,0.059688300918016614,0.061157436218002736,6,14,13,6,15,0
117,user3,23,R,V,L,0.5764733275063151,0.2825828016513544,1.1579553571831336,0.06646403384455639,0.06429615397788858,0.11905671785879422,11,7,5,8,3,0
118,user3,23,R,V,L,0.544689774671514,0.3570917317823136,1.2633294533025814,0.052742467077367336,0.10394889762130617,0.12861141917245483,5,8,5,7,4,0
119,user3,23,R,S,L,1.4617463279575478,0.36974699673541095,0.6907830055894489,0.13004050565870606,0.07027531282351278,0.07444324172448484,2,15,12,4,13,0
120,user3,23,R,O,L,0.8164283442902829,0.29134133374388693,0.8369700497401805,0.07103607493296647,0.07470722493277887,0.08350200386480354,6,13,10,8,8,0
121,user3,23,R,O,L,1.378711413571128,0.43671662915089665,1.2428188598574117,0.10856223091257115,0.07729410981501542,0.12447865073465413,4,10,14,10,4,0
122,user3,23,R,O,L,1.295199289135315,0.3147204522769972,1.0434519749986995,0.10178910388978486,0.061397015943468344,0.10346840096014294,5,12,8,7,4,0
123,user3,23,R,S,L,0.7730084017886446,0.314598138781495,0.6261668803108126,0.07603931297375034,0.08240543921957062,0.06533181077383206,8,11,11,13,10,0
124,user3,23,R,V,L,0.5954102460415606,0.5409577489968868,1.2392561311772048,0.05587495555631689,0.06329662559686558,0.12688029898981656,7,11,10,16,14,0
125,user3,23,R,V,L,0.7657299155037443,0.5521006709532197,2.094547829393744,0.07733412186309876,0.12867929634540812,0.21558788914599009,9,6,6,10,5,0
126,user3,23,R,O,L,1.1763233831916777,0.411771041888576,0.939035825753259,0.14910053613569504,0.12523792839352077,0.08952851733922121,1,13,8,3,8,0
127,user3,23,R,S,L,0.9878763372935986,0.25283500573441114,0.6628158953060604,0.07852332957891728,0.08004097198269355,0.06795146376082456,8,11,9,11,5,0
128,user3,23,R,V,L,1.567771543256023,0.3914946648516651,0.7252269202808713,0.1328206346932545,0.06985559349008552,0.07460148745016872,5,14,14,10,8,0
129,user3,23,R,V,L,0.6370188136454915,0.3183276371952706,1.0570545873822204,0.06448532772984882,0.05906813279607864,0.10976743188869406,8,12,4,6,13,0
130,user3,23,R,O,L,1.0986609897696988,0.5138667794818707,1.4582867040175977,0.10179870438744858,0.08304074887885447,0.21784680560512215,10,11,6,5,8,1
131,user3,23,R,S,L,0.9045513605176216,0.3225603884213583,0.5219083135316945,0.09035662898294324,0.07615245700250364,0.053861247755975054,6,9,15,11,15,0
132,user3,23,R,O,L,0.8947818087703813,0.3641335225733088,0.9268274404279152,0.09181518129222024,0.07935279556737038,0.09070292659263827,6,10,10,7,9,0
133,user3,23,R,V,L,0.7560443440341376,0.4020386877666845,1.0666855935613317,0.07773493483536588,0.05605730722388758,0.10897575416032095,11,9,1,16,12,0
134,user3,23,R,O,L,0.9709149554756377,0.3618237115199425,0.7971116743981882,0.09382930748811376,0.10677441014738782,0.08062132479095466,5,10,7,2,9,0
135,user3,23,R,O,R,1.0066731964389408,0.4055107507663824,0.9916568472018662,0.10659565011973948,0.1457117805074027,0.09859591545255408,4,6,11,9,3,0
136,user3,23,R,O,R,1.2476530635601857,0.5384587602791794,1.1170941805479027,0.13081110208991653,0.15538616301225663,0.10843917152632497,5,3,5,3,5,0
137,user3,23,R,V,R,0.44612543305133806,0.43220974642494026,1.4958733687117567,0.0623505947985457,0.08688616598184687,0.1509351479303495,6,2,4,7,7,0
138,user3,23,R,V,R,0.5492528812034669,0.4357862748394227,1.0049227221340495,0.051442429118375,0.07480822801803436,0.10186446157213948,6,11,8,13,10,0
139,user3,23,R,S,R,1.2514578571602202,0.5427654253276795,0.4589428401291229,0.11560413868083165,0.07331464344016747,0.053119033553506625,3,6,11,11,13,0
140,user3,23,R,O,R,1.3919538798284723,0.5115543529636125,1.353234418561816,0.1458041608355554,0.14246390134737585,0.13893687085498643,5,8,6,3,7,0
141,user3,23,R,S,R,1.075860682739475,0.3646822421223608,0.7189662862056697,0.10135947127524533,0.0718548259040205,0.07305209561567232,8,10,10,8,9,0
142,user3,23,R,V,R,0.44615768958911295,0.42496886431089625,1.149702827510635,0.06886474788113606,0.1106139772476252,0.11793558492296094,9,4,3,6,9,0
143,user3,23,R,O,R,0.9939756901563415,0.45321163529650127,0.9074512083109689,0.11151327048051093,0.12772199825498168,0.08723443292063776,5,3,2,1,1,0
144,user3,23,R,S,R,1.3130506672526157,0.49633858903494027,0.7770629559120455,0.1304481179940037,0.07841237478358012,0.08179390696458308,5,10,9,10,5,0
145,user3,23,R,S,R,1.0596023377416446,0.4150989909386789,0.4309444867807582,0.11876988296759396,0.05807192507882305,0.04733080879307281,1,13,9,11,10,0
146,user3,23,R,S,R,1.2111884926572358,0.4718947811748673,0.49429533098211487,0.1171938800338854,0.07206782568220103,0.05169676860184504,2,10,11,4,21,0
147,user3,23,R,O,R,1.153694990376238,0.4888279437445854,1.0204552977348487,0.13076009509090203,0.1892677352502674,0.09798225755461556,3,3,4,1,3,0
148,user3,23,R,S,R,1.841020926632166,0.5919640117315523,0.7209448725289013,0.17961000896054158,0.1046357379762751,0.0742116154782871,2,4,5,7,13,0
149,user3,23,R,V,R,0.5325512722662925,0.3536534399209164,1.3310537188669265,0.0674264887442351,0.06533435371778643,0.13453312985448018,5,10,3,5,8,0
150,user3,23,R,S,R,1.1142335961643686,0.3881333253999681,0.560182932925278,0.1271338627708226,0.06239709893543981,0.061222815818753766,5,10,9,4,5,0
151,user3,23,R,O,R,1.0394398470432196,0.3194916389010094,1.025663255453127,0.08835502193441513,0.08283210098425252,0.10065602198004275,6,15,9,9,8,0
152,user3,23,R,V,R,0.4672406847361255,0.39980702224602954,1.3698379310647297,0.0577951841160847,0.122695946713591,0.14372036196706384,7,6,6,7,10,0
153,user3,23,R,S,R,1.3056670665962373,0.4427253597620648,0.7414130941610928,0.1499425865220915,0.09467128262479738,0.07540623528708193,5,9,9,2,8,0
154,user3,23,R,S,R,1.1660023666132717,0.4609627522373462,0.5903318404810958,0.12971947363081401,0.06410544391165611,0.06159406858545043,4,15,10,4,11,0
155,user3,23,R,V,R,0.4573632355533103,0.39757741073693653,1.2538482663762922,0.04462985109071327,0.06374555670499121,0.12669434918864683,8,6,9,10,6,0
156,user3,23,R,S,R,1.2082963018523054,0.4537902389661116,0.5444558021105158,0.13522593633341037,0.06885618552759304,0.05958343164322183,6,11,10,5,7,0
157,user3,23,R,O,R,1.0723956909688832,0.2714925276977891,0.9453338545247805,0.09130875124815176,0.06674399794770274,0.09638988779152907,7,13,6,10,8,0
158,user3,23,R,O,R,1.1511808527794227,0.4441146011066126,1.0988806705977237,0.11502410357168337,0.15215226423084788,0.10687080394883185,2,3,5,1,1,0
159,user3,23,R,O,R,1.357470129155485,0.6173894131077791,1.3117377757962114,0.13009196118727898,0.16048158081211386,0.12775799185588674,6,3,3,3,6,0
160,user3,23,R,O,R,1.0928236820262232,0.4503378010658514,0.983500532608765,0.12909629939636913,0.13209282537406114,0.09415523910942332,2,4,6,1,0,0
161,user3,23,R,S,R,1.164722908266618,0.4853064932024891,0.6655856705501539,0.1456606049405339,0.07376908310947529,0.07036771499250953,6,14,14,4,13,0
162,user3,23,R,V,R,0.39700126485101805,0.2971042860905347,0.802700559915001,0.05481179055871994,0.07068305161120889,0.08343244084016577,14,16,13,15,10,0
163,user3,23,R,O,R,1.8873014612022636,0.7921438160752433,2.2652478196578096,0.14185700033669976,0.1818129769385379,0.2318772994107762,4,6,1,8,5,0
164,user3,23,R,S,R,1.2355504867288825,0.4453902102925129,0.5455684086232523,0.13829732267703593,0.07341392260358028,0.0577945460538953,8,8,9,3,6,0
165,user3,23,R,V,R,0.43992706395605335,0.38174433813465536,1.1336531816753217,0.06033005069556893,0.09597406519629892,0.12188545853973638,10,10,2,14,8,0
166,user3,23,R,V,R,0.5980117323626893,0.39309997129768076,1.1647258547301964,0.05568561309192147,0.0644088370424015,0.11876812489286945,5,9,8,7,9,0
167,user3,23,R,S,R,1.252886998032909,0.3914599840022761,0.8036008935594157,0.11829797300132402,0.06300910608242508,0.0812014198143408,4,14,11,7,5,0
168,user3,23,R,V,R,0.6923325194021358,0.45026363440371125,1.308926538546596,0.07353845023410087,0.09953616607680511,0.13675960971745513,10,10,5,10,11,0
169,user3,23,R,V,R,0.509889748900397,0.3689653246444176,1.383960174939852,0.07203011104825503,0.09129694282624597,0.14082793979341587,5,3,6,7,8,0
170,user3,23,R,V,R,0.46463321364113175,0.3856604041971223,1.4515554018219685,0.06991661753577884,0.09822411246108659,0.1498813704989865,6,4,4,6,8,0
171,user3,23,R,O,R,1.0453850224743158,0.5174991195459671,0.9937139460115985,0.13143228235643947,0.13775941053776056,0.09872508323013653,8,4,4,4,4,0
172,user3,23,R,O,R,1.2790021818984354,0.46666127415819586,1.2970463365462723,0.11484884366211433,0.15823816157276618,0.1273539441750778,4,3,3,5,1,0
173,user3,23,R,O,R,1.1017793305637817,0.48504850815583056,0.996496317584078,0.10207412675076111,0.14956942288112773,0.10105606312942597,3,1,6,4,9,0
174,user3,23,R,O,R,0.9833680475464991,0.28470878817791356,0.9913350452690841,0.07515494958619821,0.08754716315482258,0.09512677120356582,7,20,10,10,10,0
175,user3,23,R,S,R,1.0521241215531052,0.31901742906253133,0.6194229325028995,0.1039149749046738,0.07260604573263724,0.06212206480004739,8,15,13,17,9,0
176,user3,23,R,O,R,1.383150355985574,0.5526386851035509,1.24708716054117,0.14618425903852542,0.14024982935404667,0.13482904209100613,7,12,8,7,18,0
177,user3,23,R,O,R,1.0085442779222833,0.31770370006659315,0.8369727044459087,0.11148539710844291,0.11588719954111532,0.08402691639266599,1,11,6,5,11,0
178,user3,23,R,V,R,0.5264502829591684,0.37960135676147483,1.3518985227970624,0.061929384403283425,0.09165755579059105,0.1373211409949995,6,6,1,7,4,0
179,user3,23,R,V,R,0.4978767501705151,0.33557816802157037,1.1715972835241732,0.06426688503751882,0.08172490662405399,0.11801920552535564,5,4,5,3,3,0
180,user3,23,R,V,R,0.5834294793039227,0.4749219867043693,1.4520680240269799,0.0823941630482684,0.09861752190829234,0.14592972745727756,4,6,3,4,9,0
181,user3,23,R,V,R,0.626685407075011,0.4080770532649134,1.0769586314420683,0.06718304341302506,0.06515676525139906,0.10932351376638834,11,10,7,7,4,0
182,user3,23,R,S,R,1.2815186231588331,0.5357686347520868,0.6187609143879825,0.1477197003993418,0.06937416460886749,0.06491503390504677,9,12,14,4,10,0
183,user3,23,R,O,R,0.9624105514202063,0.4540530886183675,0.8801964686880867,0.12792263625428615,0.15260585427525572,0.08795941912634601,5,6,7,1,11,0
184,user3,23,R,S,R,2.033272414117951,0.6237221280093871,1.1932366412981972,0.19899513370491917,0.13448685902575172,0.12087387572263977,6,6,3,6,4,0
185,user3,23,R,S,R,1.6365473011846543,0.631897952843742,0.850069831067126,0.16239770077876517,0.10129324823890404,0.0865780129504211,5,4,5,7,8,0
186,user3,23,R,S,R,2.1389299659844543,0.7117050972117092,1.3906561482418622,0.19677512247015308,0.11978818794835733,0.1430998928257666,4,6,5,6,9,0
187,user3,23,R,V,R,0.585847278675568,0.3840573345227724,1.0320543716787858,0.054053079949987835,0.08352494756376633,0.10470196586273581,13,12,9,15,12,0
188,user3,23,R,V,R,0.4510109026770784,0.3328369486602887,1.4303590369984949,0.04891514286692962,0.07095484956890165,0.14311173618971604,8,8,4,6,9,0
189,user3,23,R,S,R,1.1613921856570482,0.37440002094183134,0.5566478379786575,0.12300909860365161,0.04378500668090411,0.05740882077674466,5,16,14,9,28,0
190,user3,23,R,O,R,1.1226711763877155,0.3405092171175745,1.0045115104048379,0.09861488703757601,0.10242818277209988,0.09976421691611267,7,18,10,6,6,0
191,user3,23,R,O,R,1.3470475540447897,0.572499962992047,1.273005767388348,0.15024450528421618,0.16343149668566526,0.13004779687769405,2,0,6,3,2,0
192,user3,23,R,O,R,1.5442558586836612,0.5449255844389747,1.5054060282837243,0.14202294609769092,0.16655522354445554,0.15903798030974342,5,8,4,8,7,0
193,user3,23,R,O,R,1.3176227013531217,0.5066511344480751,1.3158617852972152,0.1211121056306705,0.1333411429784982,0.13313595152339297,8,10,6,4,5,0
194,user3,23,R,S,R,0.9336155218315977,0.3746537863700059,0.6455357512744869,0.08773228585074085,0.07020029841097017,0.06293114276225067,8,11,13,20,15,0
195,user3,23,R,V,R,0.5399537448310628,0.41582271601786985,1.1836631790713141,0.0798009840818947,0.11354606702950674,0.12456197083776217,12,7,3,10,9,0
196,user3,23,R,S,R,1.5952572784591326,0.5426496513283602,0.8494330092250405,0.14991715301805056,0.08777715672612026,0.08637207783665096,6,13,8,7,10,0
197,user3,23,R,V,R,0.4844568776609075,0.3745666039686122,1.3563891165932396,0.0735081371412149,0.09888307585030895,0.1371338888251211,5,5,5,4,11,0
198,user3,23,R,O,R,1.5450279736134425,0.5076128980458565,1.5377841191049972,0.15422830511703142,0.15826312745836332,0.15723776299347567,3,4,4,0,6,0
199,user3,23,R,S,R,2.358472693705268,0.9185816265356512,0.8655272798989989,0.22992704956014756,0.11100442179622941,0.08877768038977762,6,4,9,3,6,0
200,user3,23,R,O,R,1.0477207939881967,0.4073330877087061,0.9644438787392836,0.1275052236471251,0.13919256340946115,0.09776302744309238,2,6,7,4,5,0
201,user3,23,R,V,R,0.5529550482354032,0.431020770000555,1.2627165443980686,0.08477290918844757,0.09615363037566109,0.12475419796803311,4,9,5,8,3,0
202,user3,23,R,V,R,0.5437161374959562,0.2887387875292793,1.035047479072638,0.05337647098056677,0.08269526459882093,0.10362849107910627,9,14,7,11,4,0
203,user3,23,R,O,R,2.146819266341473,0.8036280928921586,2.1729893965192764,0.16241344049858342,0.21353513346660868,0.21323502660620006,6,7,3,8,3,0
204,user3,23,R,S,R,0.7307904168404522,0.2838421387619865,0.5808005524351655,0.06769361353033387,0.07324818949346637,0.05799578242804666,5,18,15,26,4,0
205,user3,23,R,O,R,1.0182921803536897,0.35573754547896935,0.9011973851555921,0.10270858545374459,0.10791094747907122,0.08428735890752334,6,12,7,10,2,0
206,user3,23,R,V,R,0.7311238022452774,0.42900723110667915,1.4505244172847058,0.06905485416220164,0.0773690593453903,0.1510821978631188,8,10,0,8,9,0
207,user3,23,R,O,R,1.3619836193461903,0.5688193439443254,1.1719291652358683,0.12589625214654881,0.1679616990493122,0.11052733449139991,1,4,5,4,1,0
208,user4,19,R,V,L,0.5546608475782853,0.29745031014582685,1.1378678575407644,0.05333466876751485,0.08387472578735447,0.11913894505757434,6,9,6,7,8,0
209,user4,19,R,S,L,1.2838862471629688,0.39001925397269593,0.7130028748696757,0.12146444428802494,0.08242286491786055,0.07561014000883645,5,12,9,10,9,0
210,user4,19,R,S,L,1.1750282700766175,0.43998533203988505,0.7980891533602766,0.12987349945620522,0.1210156386900133,0.07870340291743623,11,22,15,15,3,0
211,user4,19,R,V,L,0.5192058453986453,0.4119216996787813,1.2028101874918244,0.0533650952863486,0.11688004111746177,0.12855274885094173,8,4,2,7,3,0
212,user4,19,R,O,L,1.04170673775776,0.3145163959065825,0.8751612431203915,0.11434559500303854,0.0708327413599981,0.0851966927539412,3,17,8,1,3,0
213,user4,19,R,S,L,1.3715074361887918,0.38131897311114443,0.6939700049835956,0.11939868807642805,0.0772087818709651,0.0724958604153518,6,8,9,6,9,0
214,user4,19,R,O,L,1.2520339890964252,0.33185036524437983,1.0208508403394623,0.1362417064967298,0.12263272864842802,0.09688874926941748,3,8,5,2,1,0
215,user4,19,R,V,L,0.8291461904377104,0.3501559860707921,1.4373402828013706,0.08482969413798978,0.13259415732983562,0.13380315591659217,11,12,7,8,2,0
216,user4,19,R,O,L,0.6610617851615769,0.3101428221480686,0.8081309286388412,0.11410617769667056,0.12410587585293252,0.0729792368189541,9,15,4,6,6,0
217,user4,19,R,V,L,0.4921295985688491,0.2558452771405801,0.8313388664297392,0.06383441894412065,0.08873244783157054,0.07751368849547165,7,10,6,6,4,0
218,user4,19,R,V,L,0.5896518619695131,0.42794832764788693,1.4952710913824832,0.06472535034073687,0.07458267047029339,0.15430291196935178,6,5,4,6,5,0
219,user4,19,R,S,L,1.2549362622624278,0.3955494325661534,0.7989743726913119,0.12869682395590074,0.07578843573184472,0.08474469937993492,7,12,14,7,12,0
220,user4,19,R,V,L,0.7923011030787289,0.3664566306899995,1.4574048831001567,0.0880669360764396,0.13822722905266532,0.13131967514942097,3,5,3,3,0,0
221,user4,19,R,O,L,1.1427456911516591,0.388755347197646,0.9620434768648761,0.10689196099141088,0.10461674674560226,0.09391444324215932,5,10,9,4,3,0
222,user4,19,R,S,L,1.3406136188732514,0.4335773532086144,0.7300701541911396,0.13715089887371906,0.07722362301480155,0.07661422681535483,7,12,13,5,16,0
223,user4,19,R,O,L,0.9545500642567594,0.405501395054198,0.7935855026626294,0.12267082895669568,0.1695363039338678,0.06756976604275451,7,9,12,10,5,0
224,user4,19,R,O,L,0.9069441780711353,0.3989028302796161,0.8811194945744182,0.10124721228803124,0.08871452314453389,0.0871455204886299,4,8,6,6,3,0
225,user4,19,R,V,L,0.9033495173673859,0.6406315516471595,2.2466742756272775,0.09335419228135855,0.10697216582820687,0.22906515198218416,9,6,5,8,4,0
226,user4,19,R,V,L,1.0267084427431703,0.8499850231554471,2.054351667601623,0.09887825166081544,0.15361185111748313,0.21024298489791748,11,6,3,13,8,0
227,user4,19,R,S,L,0.779459207676055,0.3457715501741726,0.5043634649642671,0.09569622017981888,0.13386739543499457,0.05448056562488638,16,16,25,21,6,0
228,user4,19,R,S,L,0.9529800854701471,0.5580864943923658,1.5331033326027335,0.12280921597450555,0.1566602886838504,0.14739666308638336,13,10,7,10,6,1
229,user4,19,R,S,L,1.0047020226023669,0.34879756828664454,0.7365186092899002,0.10520316645656766,0.11324022138413525,0.07114878677221631,12,19,18,11,26,0
230,user4,19,R,V,L,0.5039683911367759,0.4649416899010123,1.2501937385969173,0.052706144926792896,0.09718329478371433,0.1284333383030885,13,3,3,11,3,0
231,user4,19,R,V,L,0.9090929373489833,0.6639381190795073,2.3652921352134286,0.09159324896528119,0.12334880588562842,0.2382610124268978,11,7,2,9,8,0
232,user4,19,R,S,L,1.2333991263646769,0.3203220889505487,0.6961839193381173,0.1134296022332336,0.04934696705822243,0.07463403713273177,7,16,9,6,23,0
233,user4,19,R,O,L,1.036892456079503,0.3174674414606167,0.9691106851111346,0.12389368917573587,0.09988372005579871,0.09621702345796371,3,14,6,0,11,0
234,user4,19,R,O,L,1.1485729039077828,0.623916182493752,1.1107135529966046,0.1253592738887704,0.16371419836356574,0.10498243943376989,9,4,10,11,4,0
235,user4,19,R,O,L,0.7363298596599385,0.36041309998624216,0.8265797982986887,0.09045166739221921,0.1349188398334705,0.07449801644653209,12,11,13,21,5,0
236,user4,19,R,S,L,1.239845579935351,0.35596091504965305,0.9152669512664605,0.10504232964698106,0.0688583998477667,0.09356238043049497,6,16,4,6,10,0
237,user4,19,R,V,L,0.612925079095893,0.2678303244303183,0.9313114530850815,0.06632506731338701,0.10553499386412435,0.08360910644476434,11,11,4,10,8,0
238,user4,19,R,S,L,1.638558767611442,0.736505467921786,1.5836483929982381,0.20956632666873556,0.16793867315902739,0.1594870621865143,14,20,11,16,10,1
239,user4,19,R,V,L,1.1183057022557532,0.9246948753807069,2.783169709312047,0.11419021611565791,0.1597359139022414,0.2814282431745365,6,1,3,5,1,1
240,user4,19,R,O,L,0.6957484116431146,0.3214116698482579,0.7569966788999829,0.10883999378313794,0.1420797490148669,0.06481127857173742,8,24,9,8,4,0
241,user4,19,R,S,L,1.1658798856386552,0.3233554268720027,0.6979067610436601,0.11387899437517787,0.05524520523225897,0.07340913422200374,5,14,11,6,22,0
242,user4,19,R,O,L,1.1633558970169802,0.3370426288661161,0.9341891463334369,0.14332350841393848,0.13238889346683752,0.08882638224201303,2,12,3,1,2,0
243,user4,19,R,V,L,0.9788278157340896,1.38929309823993,2.1366101117118603,0.10773716669060043,0.25351172052764653,0.2613078063678379,11,3,5,12,4,3
244,user4,19,R,V,R,0.44096537975616923,0.3649337428489614,1.3733560148973298,0.06012977373862954,0.08835572611842614,0.13731448295105672,7,9,6,6,4,0
245,user4,19,R,S,R,0.9903870401232311,0.3236081149490708,0.5070827535645267,0.12300445860685486,0.042336517435146694,0.053712465679860835,8,23,17,2,20,0
246,user4,19,R,S,R,1.1218846219248941,0.29186238717342294,0.39443663466233886,0.12824750296926002,0.06291641420696975,0.04255686302478116,3,8,8,1,8,0
247,user4,19,R,S,R,1.6916270339474655,0.5304778176692889,0.7477392166009337,0.15708682997647602,0.07384398437984456,0.0784184334489054,2,4,9,3,7,0
248,user4,19,R,V,R,0.5658046150607228,0.4652124872035404,1.6196414287028011,0.07278397521289923,0.09784494306199625,0.1624921878869402,6,3,4,6,11,0
249,user4,19,R,S,R,1.2412202275963922,0.4835814798555996,0.6072172943170294,0.13270335455860197,0.05933163554116986,0.06504324151109368,1,11,9,4,14,0
250,user4,19,R,O,R,1.2465500142960533,0.5804708758468335,1.0069574394732643,0.14708634386039696,0.16431588476220566,0.09473435691748722,1,4,9,1,7,0
251,user4,19,R,V,R,0.806630414523199,0.6844467085986281,1.5879741351411578,0.10890508220227284,0.13844953626912465,0.16829927952737886,7,7,6,6,5,0
252,user4,19,R,O,R,2.1627144095293866,1.130952260570107,2.234040503643783,0.18769417168225375,0.16688541435057383,0.22083276631723966,6,0,4,5,0,0
253,user4,19,R,V,R,0.5944804253386763,0.39039476389209365,1.3012182067430293,0.09938244157423415,0.09543585388290507,0.12935178422834748,8,10,4,5,7,0
254,user4,19,R,V,R,0.488644472790517,0.47183057294816033,1.6124106177472683,0.08192941615336895,0.12109594694880164,0.16503568091315218,4,8,3,3,6,0
255,user4,19,R,S,R,0.916584580310349,0.35833447689955916,0.46972587238898333,0.10989499837332581,0.046889602316551114,0.04922149588967153,10,15,12,8,14,0
256,user4,19,R,V,R,0.559010236897756,0.33879638699237635,1.2190617366990006,0.06404982881468607,0.0937348917912092,0.12236230314604336,8,10,3,8,9,0
257,user4,19,R,O,R,1.2215330000261844,0.5599394158415892,1.127872146930727,0.12750621538829685,0.13191830034205626,0.11283223903555803,2,2,8,3,3,0
258,user4,19,R,S,R,1.1791189771591148,0.4141329962839822,0.42016761591736945,0.13195984559170343,0.06257944347899892,0.046954664100619325,2,12,8,8,14,0
259,user4,19,R,O,R,1.827062253406745,0.5693496734054979,1.832407633680236,0.15952581618173123,0.162186900848018,0.1875347934809172,1,5,3,3,4,0
260,user4,19,R,V,R,0.5784637426824434,0.4373208259306163,1.6995774941604542,0.07100994782601845,0.1382354740276123,0.17232047759144672,7,4,4,3,7,0
261,user4,19,R,S,R,1.764337277535789,0.7333499756841368,0.9278834842796893,0.167574045463466,0.11816167427729513,0.09943801210746428,4,3,9,8,5,0
262,user4,19,R,S,R,1.5577239737633048,0.584457694232469,0.6679206702839101,0.14317183703764655,0.06156095621468149,0.06997498872650704,4,7,14,12,15,0
263,user4,19,R,S,R,1.7603946511638575,0.5913298459682984,0.9495472408901556,0.16589370979988363,0.07994671129218642,0.09705077984870235,5,3,5,5,9,0
264,user4,19,R,V,R,0.6366782110161043,0.47604936406280124,1.7162912754207997,0.09131700638658741,0.10282807849607974,0.17272000052947406,6,5,4,3,11,0
265,user4,19,R,V,R,0.620022951089305,0.5261131400553141,1.500254719195362,0.06633361022955546,0.12028875162407643,0.15379106928478745,9,6,3,8,6,0
266,user4,19,R,S,R,1.0643152285266908,0.43187776253862076,0.4800995966305421,0.11928451864746445,0.056120304691103136,0.05160730810669511,4,9,14,5,9,0
267,user4,19,R,O,R,1.323052107276725,0.45009538095301654,1.1082085710715712,0.12801415589445028,0.143142248062677,0.11261509583291603,3,8,6,6,4,0
268,user4,19,R,O,R,2.344921540932361,0.718225870895876,2.600802932420397,0.18687686194977488,0.218781584853567,0.2568379250474847,3,7,2,4,3,0
269,user4,19,R,O,R,2.063296530135969,0.8234201106190204,2.291111798068161,0.20254867409957047,0.14938756406357237,0.22494885589574193,5,2,3,1,3,0
270,user4,19,R,S,R,1.0165569855100864,0.4004142429513528,0.5218746885418112,0.13291276364553878,0.05014079487488013,0.05455934319181597,9,16,12,9,21,0
271,user4,19,R,V,R,0.5524333515667338,0.5150430844231422,1.178313245800485,0.05826894110284142,0.07546950259694388,0.12528812674638476,6,7,7,16,8,0
272,user4,19,R,S,R,1.6023944081095278,0.5369870407501405,0.7838240877655136,0.1587850046074056,0.09529692557138086,0.08054937864789997,7,5,3,5,1,0
273,user4,19,R,V,R,0.5773519331117147,0.5310435897016687,1.7488547897215718,0.05452348539292363,0.09497915438705135,0.1818779689076973,4,2,1,3,7,0
274,user4,19,R,O,R,2.2222692048973456,0.6906408369401013,2.309728993813728,0.21919616261714173,0.17367460695068201,0.2247335982882495,6,6,4,5,0,0
275,user4,19,R,S,R,1.0268464014858105,0.40736572359448897,0.47609354644195395,0.1334427035601135,0.06474309470406851,0.050306751671949014,5,9,12,4,7,0
276,user4,19,R,O,R,1.3315811683990673,0.47326510879837663,1.1038669768792952,0.13653087431272212,0.14557328280271192,0.10985695846712015,2,8,13,4,2,0
277,user4,19,R,V,R,0.5599709562000948,0.4837885697114424,1.197718849596266,0.06465950745265013,0.13191612020430646,0.12575922990367114,8,12,4,8,9,0
